Beta,mu_IR,rho,k,eta,N,loglik,loglik.se
20,2,0.5,10,0.1,38000,-115.9767966045827,0.04357474513119192
